Gross Annual (INR),Net Monthly Take Home (INR),Total Annual Tax (INR)
5000000,312516.6666666667,1224600.0
5500000,329678.3333333333,1518660.0
6000000,357045.0,1690260.0
6500000,384411.6666666667,1861860.0
7000000,411778.3333333333,2033460.0
7500000,439145.0,2205060.0
8000000,466511.6666666667,2376660.0
8500000,493878.3333333333,2548260.0
9000000,521245.0,2719860.0
9500000,548611.6666666666,2891460.0
10000000,575978.3333333334,3063060.0
10500000,591092.5,3381690.0
11000000,617809.1666666666,3561090.0
11500000,644525.8333333334,3740490.0
12000000,671242.5,3919890.0
12500000,697959.1666666666,4099290.0
13000000,724675.8333333334,4278690.0
13500000,751392.5,4458090.0
14000000,778109.1666666666,4637490.0
14500000,804825.8333333334,4816890.0
15000000,831542.5,4996290.0
15500000,858259.1666666666,5175690.0
16000000,884975.8333333334,5355090.0
16500000,911692.5,5534490.0
17000000,938409.1666666666,5713890.0
17500000,965125.8333333334,5893290.0
18000000,991842.5,6072690.0
18500000,1018559.1666666666,6252090.0
19000000,1045275.8333333334,6431490.0
19500000,1071992.5,6610890.0
20000000,1098709.1666666667,6790290.0
20500000,1101300.0,7259200.0
21000000,1100337.5,7770750.0
21500000,1125754.1666666667,7965750.0
22000000,1151170.8333333333,8160750.0
22500000,1176587.5,8355750.0
23000000,1202004.1666666667,8550750.0
23500000,1227420.8333333333,8745750.0
24000000,1252837.5,8940750.0
24500000,1278254.1666666667,9135750.0
25000000,1303670.8333333333,9330750.0
